State,Company Name,Location,Profile URL
Texas,ABC Tech Solutions,"Dallas, TX",https://www.cloudtango.net/company/abc-tech-solutions/
Oklahoma,Sooner IT Services,"Oklahoma City, OK",https://www.cloudtango.net/company/sooner-it-services/
Arkansas,Ozark Managed IT,"Little Rock, AR",https://www.cloudtango.net/company/ozark-managed-it/
Louisiana,Bayou Tech Group,"New Orleans, LA",https://www.cloudtango.net/company/bayou-tech-group/
Tennessee,Volunteer MSP,"Nashville, TN",https://www.cloudtango.net/company/volunteer-msp/
Alabama,Crimson IT,"Birmingham, AL",https://www.cloudtango.net/company/crimson-it/
Mississippi,Magnolia Systems,"Jackson, MS",https://www.cloudtango.net/company/magnolia-systems/
Florida,Sunshine Tech,"Miami, FL",https://www.cloudtango.net/company/sunshine-tech/
Georgia,Peach State IT,"Atlanta, GA",https://www.cloudtango.net/company/peach-state-it/
